Original_Order,Entered_By,Fishery_ID,Umbrella_Organization,Number_of_species,Target_species,Complete_Name,FB_K__1_yr_,FBK_Category,FB_Loo__cm_,FB_Habitat,FB_Migration,FB_Price,FB_Price_Quality,FB_Environment,FB_Trophic,Fish_type,Habitat,Habitat_2,Fished_Habitat,Diet,Species_growth,Adult_movement,Discrete_Movement,Migratory,Forms_aggregations,Consistent_spawning_location,A_in_fishery,MSC_certification,Stock_assessment_,Recorded_Fishery_Closure,Year,Spawning_season,Larval_dispersal_potential,Known_spatial_structure_,Host_Country,Population,Population_growth_rate_,GDP_2009__US_,GDP_from_fishing__US_,A__of_GDP_from_Fishing,Fishery_subsidies_prominent,Subsidy_as_a___of_landed_value,Poverty_index_,Human_Development_Index,Polity_,Institutional_stability,Rule_of_law,Contract_enforcement_Rank,Corruption,Catch_shares,Catch_Share_Types,itq,ivq,ieq,iq,turf,Co_op,Open_access,Limited_entry,tac,Effort_limit,Trip_limit,Size_limit,Season,Gear,mpa,Sex,Species_value,unit_of_value,Composite_Price,Gear_type,Gear_Type_Short,Use_of_catch,Short_catch_use,Species_value_fluctuations,Geographic_range_of_fishing_acti,range_spatially_defined_,Short_Range,Home_Port,Processed,Cooperative_present,Nested_Fishery,Programs_for_Co_op_Formation,Marketing,Profit_Sharing,Cooperative_Administration,co_harvest,Cooperative_TAC,Cooperative_Gear_Restrictions,Cooperative_Size_Limit,Gear_sharing,Direct_Enforcement,Codified_Penalties,Temporal_No_Take,Spatial_No_Take,Restocking,Habitat_Restoration,Gear_Shift,By_catch_avoidance,Research_support,Information_sharing,Coop_Behaviors,Co_op_form_date,Vessels__co_op_,Short_Vessels,Participants__co_op_,Short_participants,Landings__co_op_,Landing_units,Short_landings,Fishing_season__co_op_,Ecosystem_Engineering,Reporting,Spatial,Quota,Temporal,Gear0,Gov_t_Ambivalent,Gov_t_Undermining,Gov_t_Supportive,Degree_of_Co_management,Transfer_Rights,Services_provided_,legal_protection__standing,Enforcement_,Support_of_Voluntary_Regs,Financial_Services,Information_support,Conditions_for_cooperative_exist,Sunset_Clause,OECD,oneper,sea_level_vulnerability,sea_temp_vulnerability,ocean_acidification_vulnerability,ozone_uv_vulnerability,recovery_time,recovery_potential 
1,,1,0,999,Jacks,Carangidae sp.,,,,,,,,,,Finfish - Reef,coral reef,reef-associated,coral reef,Carnivore,Medium,10--100,100,,0,,,0,0,,,,,0,Philippines,101833938,1.9,1.89E+11,2090320980,0.011054051,0,0.311910187,0.067,0.638,8,-1.41722644,-0.531200829,118,2.4,1,TURF,0,0,0,0,1,0,0,0,0,0,0,0,0,1,1,0,,,,Artisanal,Artisanal,Local market,Local market,,1.06 km2,1,1,Apo Island,0,1,0,,0,0,1,,0,1,,,1,,0,1,,,1,0,1,,6,1982,,,100,100,,,,,,,2,0,0,0,0,0,1,,0,1,1,,1,,1,0,0,0,1,2.4,2.8,1.1,0.8,1.1,0.21
2,,1,0,999,Bignose unicornfish,Naso vlamingii,0.263999999,Medium,60,reef-associated,0,medium,Very questionable: based on ex-vessel price for species in this family,tropical,0,Finfish - Reef,coral reef,reef-associated,coral reef,Omnivore,Medium,1--10,10,,1,1,,0,0,,,0,90,0,Philippines,101833938,1.9,1.89E+11,2090320980,0.011054051,0,0.311910187,0.067,0.638,8,-1.41722644,-0.531200829,118,2.4,1,TURF,0,0,0,0,1,0,0,0,0,0,0,0,0,1,1,0,Medium,,medium,Hook and line,Hook and line,Local market,Local market,,1.06 km2,1,1,Apo Island,,1,0,,0,0,1,,0,1,,,1,,0,1,,,1,0,1,,6,1982,,,100,100,,,,,,,2,0,0,0,0,0,1,,0,1,1,,1,,1,0,0,0,0,2.4,2.8,1.1,0.8,1.1,0.21
3,,2,0,1,New Zealand southern scallop,Pecten novaezelandiae,,,,,,,,,,Molluscs,subtidal soft bottom,subtidal soft bottom,,Filter Feeder,Medium,0,0,0,1,0,,0,1,1,1981,1,Jun-70,1,New Zealand,4290347,0.88,1.38E+11,1018560844,0.007380876,0,0,,0.907,10,0.991906163,1.90990862,9,9.4,1,"ITQ, QMS",1,0,0,0,1,0,0,1,1,0,1,1,1,1,,0,13.47,NZ$/kg,Low,Dredge,Dredge,Export,Export,,"9,631 km2",1,1,,0,1,0,0,1,1,1,1,1,0,0,0,1,1,1,1,1,0,0,0,1,1,10,1994,31,31,,,65,tonnes biomass,65,0,0,2,1,1,0,0,0,0,1,,1,1,1,1,1,1,0,1,0,1,1,2.2,0.5,0.1,0.3,0.8,0.43
4,,3,0,5,Red crab,Chaceon bicolor,,,,,,,,,,Crustaceans,soft slope (200-2000m),soft slope,,,,1--10,10,,,,,0,0,0,,0,,,New Zealand,4290347,0.88,1.38E+11,1018560844,0.007380876,0,0,,0.907,10,0.991906163,1.90990862,9,9.4,1,"ITQ, QMS",1,0,0,0,0,0,0,1,1,0,0,,1,1,0,0,,,,Trap,Trap,Export,Export,0,Large,0,0,,,1,0,,1,1,1,1,0,1,0,1,0,0,0,0,0,0,0,1,1,1,7,2007,,,,,,,,0,0,1,0,1,0,0,0,0,1,,1,1,1,,,0,1,0,0,1,1,0,2.3,2.1,0,0.7,0.5
5,,3,0,5,Spider crab,Jacquinotia  edwardsii,,,,,,,,,,Crustaceans,Intertidal/soft shelf (30-200m),,,Invertivore,,1--10,10,1,1,,,0,0,0,,1,,,New Zealand,4290347,0.88,1.38E+11,1018560844,0.007380876,0,0,,0.907,10,0.991906163,1.90990862,9,9.4,1,"ITQ, QMS",1,0,0,0,0,0,0,1,1,0,0,,1,1,0,0,,,,Trap,Trap,Export,Export,,Large,0,0,,,1,0,,1,1,1,1,0,1,0,1,0,0,0,0,0,0,0,1,1,1,7,2007,,,,,29.592,tonnes biomass,29.592,0,0,1,0,1,0,0,0,0,1,,1,1,1,,,0,1,0,0,1,0,2,2.5,1.7,1.9,1.2,0.14
6,,3,0,5,King crab,Lithodes murrayi,,,,,,,,,,Crustaceans,soft shelf (30-200m),,,Omnivore,,1--10,10,1,1,,,0,0,0,,1,,,New Zealand,4290347,0.88,1.38E+11,1018560844,0.007380876,0,0,,0.907,10,0.991906163,1.90990862,9,9.4,1,"ITQ, QMS",1,0,0,0,0,0,0,1,1,0,0,,1,1,0,0,,,,Trap,Trap,Export,Export,,Large,0,0,,0,1,0,,1,1,1,1,0,1,0,1,0,0,0,0,0,0,0,1,1,1,7,2007,,,,,0.538333333,tonnes biomass,0.538333333,0,0,1,0,1,0,0,0,0,1,,1,1,1,,,0,1,0,0,1,0,2,2.5,1.7,1.9,1.2,0.14
7,,3,0,5,King crab,Neolithodes brodiei,,,,,,,,,,Crustaceans,soft slope (200-2000m),,,Omnivore,,1--10,10,1,1,,,0,0,0,,1,,,New Zealand,4290347,0.88,1.38E+11,1018560844,0.007380876,0,0,,0.907,10,0.991906163,1.90990862,9,9.4,1,"ITQ, QMS",1,0,0,0,0,0,0,1,1,0,0,,1,1,0,0,,,,Trap,Trap,Export,Export,,Large,0,0,,0,1,0,,1,1,1,1,0,1,0,1,0,0,0,0,0,0,0,1,1,1,7,2007,,,,,0.538333333,tonnes biomass,0.538333333,0,0,1,0,1,0,0,0,0,1,,1,1,1,,,0,1,0,0,1,0,0,2.3,2.1,0,0.7,0.5
9,,5,0,15,Surmullet,Mullus surmuletus,0.49000001,Medium,40,demersal,oceanodromous,very high,Reliable: based on ex-vessel price for this species,subtropical,3.42,Finfish-Benthic,"Benthic hard and soft bottom, 5-400 m",,,Carnivore,Medium,10--100,100,1,,,,0,,,,1,,0,Turkey,78785548,1.24,7.29E+11,1002618406,0.001375145,0,0.07283879,0.039,0.679,7,-0.882407689,0.121870318,25,4.4,0,,0,0,0,0,0,0,1,0,0,0,0,0,0,0,0,0,High,,high,Gillnet / Entangling net / Long-line,Gillnet,Local market,Local market,,"Central Aegean coast of turkey, in vicinity of port of Foca port",0,0,"Foca, Turkey",0,1,1,0,0,0,1,,0,0,0,1,1,1,0,0,0,0,0,0,0,0,1,1992,,,126,126,,,,,0,0,0,0,0,0,0,0,1,,0,0,0,1,,1,0,0,0,1,1,2,2.5,1.7,1.9,0.7,0.5
10,,5,0,15,Porgy,Pagrus pagrus,0.136999995,Low,91,benthopelagic,oceanodromous,very high,Reliable: based on ex-vessel price for this species,subtropical,3.65,Finfish-Benthic,hard bottom (0-250m),,,Carnivore,Medium,1--10,10,0,0,0,,0,,,,1,23-32,0,Turkey,78785548,1.24,7.29E+11,1002618406,0.001375145,0,0.07283879,0.039,0.679,7,-0.882407689,0.121870318,25,4.4,0,,0,0,0,0,0,0,1,0,0,0,0,0,0,0,0,0,Very high,,high,Gillnet / Entangling net / Long-line,Gillnet,Local market,Local market,,"Central Aegean coast of turkey, in vicinity of port of Foca port",0,0,"Foca, Turkey",0,1,1,0,0,0,1,0,0,0,0,1,1,1,0,0,0,0,0,0,0,0,4,1992,,,126,126,,,,,0,0,0,0,0,0,0,0,1,,0,0,0,1,,1,0,0,0,1,0,1.5,2.9,2.5,1.8,1.1,0.21
11,,6,0,999,Cod - Georges Bank,Gadus morhua,0.090000004,Low,200,benthopelagic,oceanodromous,medium,Reliable: based on ex-vessel price for this species,temperate,3.73,Finfish-Benthic,hard shelf,,hard shelf,Carnivore,High,100-1000,1000,1,1,0,,0,1,1,1995,1,100,0,United States,313232044,0.96,1.46E+13,5757808667,0.000393831,0,0.026857001,,0.902,10,0.40989339,1.525049029,8,7.5,1,"ITQ, ITEQ, IQ, CQ, CFQ, TURF, Coops",0,0,1,0,0,1,0,,1,1,0,1,1,1,1,0,Medium,,medium,Hook and line,Hook and line,,,,"Large region along the georges bank, New England. See source for map.",0,0,,,1,1,1,0,0,1,0,0,1,0,0,1,1,0,0,0,0,1,1,1,1,4,2004,19,19,58,58,27,tonnes biomass,27,01-dic,0,1,1,1,1,0,0,0,1,,1,1,1,,0,0,1,1,0,1,1,1.5,2.9,2.5,1.8,1.1,0.21
12,,7,0,9,Brown mussel,Modiolus metcalfei,,,,,,,,,,Molluscs,mangrove,,mangrove,Filter Feeder,Medium,0,0,0,1,0,,0,0,,,0,,0,Philippines,101833938,1.9,1.89E+11,2090320980,0.011054051,0,0.311910187,0.067,0.638,8,-1.41722644,-0.531200829,118,2.4,0,TURF,0,0,0,0,0,0,1,1,0,,0,0,0,1,1,0,,,,Hand,Hand,,,,Small,0,0,Dulangan,0,1,0,,1,,1,0,,1,,0,1,1,1,0,0,0,0,0,0,1,7,1993,,,23,23,,,,,,,0,0,0,0,1,0,0,,0,0,,0,,0,0,0,,0,1,3,2.4,1.2,0.2,1.1,0.21
13,,7,0,9,Rabbitfish,Siganus corallinus,,,35,reef-associated,0,high,Questionable: based on ex-vessel price for species in this genus,tropical,2,Finfish - Reef,coral reef,,coral reef,Herbivore,High,1--10,10,0,0,0,,0,0,,,,,0,Philippines,101833938,1.9,1.89E+11,2090320980,0.011054051,0,0.311910187,0.067,0.638,8,-1.41722644,-0.531200829,118,2.4,0,TURF,0,0,0,0,0,0,1,1,0,,0,0,0,1,1,0,High,,high,Trap,Trap,,,,Small,0,0,Dulangan,0,1,0,,1,,1,,,1,,0,1,1,1,0,0,0,0,0,0,1,5,1993,,,23,23,,,,,,,0,0,0,0,1,0,0,,0,0,,0,,0,0,0,,0,0,2.4,2.8,1.1,0.8,1.1,0.21
14,,8,0,1,Northern shrimp,Pandalus borealis,,,,,,,,,,Crustaceans,soft shelf/soft slope,,fjord; soft shelf/soft slope,Filter Feeder,Medium,1--10,10,0,,0,,0,,0,,1,60,0,Sweden,9088728,0.16,4.45E+11,197820976.3,0.000444941,0,0.123199539,,0.885,10,1.10030043,1.927146127,51,9.2,1,"IVQ, TURF, IQ",0,0,0,0,1,0,0,1,0,1,0,0,0,1,1,0,12,$/kg,medium,Trawl,Trawl,,,,"Gullmar fjord, in the south western coast of Sweden",1,1,,1,1,0,,1,0,0,,0,1,1,0,0,0,0,0,0,0,1,,1,1,5,2004,6,6,,,9,tonnes biomass,9,0,0,1,1,0,0,0,0,0,1,,1,1,1,1,0,,,1,0,1,1,2,2.5,1.7,1.9,1.2,0.14
15,,9,1,999,Penaeid shrimp,Penaues indicus,,,,,,,,,,Crustaceans,shallow soft bottom,,Lagoon/coastal wetland,Planktivore,High,1--10,10,1,,,0,0,1,0,,0,09-dic,,Sri Lanka,21283913,0.93,48240000000,424864901.5,0.008807316,0,0.025177647,0.021,0.658,6,-1.328276942,-0.074976101,136,3.1,1,,0,0,0,0,1,0,0,1,,,,,0,,,,83,RS$/kg,low,Seine,Seine,,,1,"Mouth of Negombo lagoon, Sri Lanka",1,1,999,,1,1,,0,1,0,1,0,0,0,0,0,0,0,0,0,0,0,0,0,1,5,999,,,299,299,174,tonnes biomass,174,0,0,,1,0,0,1,0,0,1,,0,1,1,1,1,1,,0,0,0,1,2,2.5,1.7,1.9,0.8,0.43
16,,10,1,1,Walleye pollock,Theragra chalcogramma,,,91,benthopelagic,non-migratory,low,Reliable: based on ex-vessel price for this species,polar,3.45,Finfish-Benthic,soft slope (200-2000m),,,Carnivore,Medium,100-1000,100,1,1,1,1,0,1,1,1953,1,Long distance,0,Japan,126475664,-0.28,5.39E+12,16775389752,0.00311174,0,0.0848478,,0.884,10,0.95398267,1.314984781,19,7.7,1,TURF,0,0,0,0,1,1,0,1,1,0,0,1,1,,0,0,Low,,low,Long-line,Long-line,Local market / Export,Local market/Export,1,Up to about 20km from shore along the Nishi region of Hokkaido,0,0,"Kumaishi, Toyohama, Otobe",0,1,1,,1,1,1,1,0,1,0,0,1,1,1,1,0,0,0,0,1,1,2,999,51,51,,,79.4,tonnes biomass,79.4,11-Feb,0,0,1,1,0,0,0,0,1,,0,1,1,,,,1,0,0,1,1,0,2.3,2.1,0,0.7,0.5
17,,11,0,15,Anchovies,Stolephorus heterolobus,,,,,,,,,,Finfish - Pelagic,coral reef/costal waters,,coral reef/costal waters,Planktivore,High,10--100,100,1,1,,,0,0,,,0,,0,Philippines,101833938,1.9,1.89E+11,2090320980,0.011054051,0,0.311910187,0.067,0.638,8,-1.41722644,-0.531200829,118,2.4,1,TURF,0,0,0,0,1,0,1,1,0,,0,0,0,1,,0,Medium,,medium,Gillnet / Entangling net,Gillnet,,,,"Olotayan Island, Roxas City, Capiz, Philippines",1,1,Olotayan island,,1,0,,1,,1,1,0,1,0,1,1,0,1,0,0,0,1,0,0,1,9,1995,,,26,26,,,,,,,1,0,0,0,0,0,1,,,1,1,1,,1,1,,,0,1,2.4,2.8,1.1,0.8,1.1,0.21
18,,11,0,15,Big eye tuna,Thunnus obesus,,,250,pelagic-oceanic,oceanodromous,very high,Reliable: based on ex-vessel price for this species,subtropical,4.49,Finfish - Pelagic,deep water,,deep water,Carnivore,Medium,>1000,2000,1,1,0,,0,1,0,,0,,0,Philippines,101833938,1.9,1.89E+11,2090320980,0.011054051,0,0.311910187,0.067,0.638,8,-1.41722644,-0.531200829,118,2.4,1,TURF,0,0,0,0,1,0,1,1,0,,0,0,0,1,,0,Very high,,high,Hook and line,Hook and line,,,,"Olotayan Island, Roxas City, Capiz, Philippines",1,1,Olotayan island,,1,0,,1,,1,,0,1,0,1,1,0,1,0,0,0,1,0,0,1,6,1995,,,26,26,,,,,,,1,0,0,0,0,0,1,,,1,1,1,,1,1,,,0,0,0,2.3,0,0,0.4,0.71
19,,12,0,2,Paua,Haliotis iris,,,,,,,,,,Molluscs,rocky reef,,,Herbivore,Medium,0,0,0,1,0,,0,1,0,,0,9,1,New Zealand,4290347,0.88,1.38E+11,1018560844,0.007380876,0,0,,0.907,10,0.991906163,1.90990862,9,9.4,1,,1,0,0,0,0,0,0,1,1,0,0,1,,0,,0,33.15,NZ$/kg,high,Dive,Dive,Export,Export,1,Large,0,0,,0,1,0,,0,0,1,,1,0,1,0,1,0,1,1,1,0,0,0,1,1,6,,,,,,945,tonnes biomass,945,0,0,1,0,1,0,0,0,0,1,,1,1,1,1,,0,1,0,0,1,1,1.5,1.9,1.1,0.7,1.3,0.07
20,,13,0,1,Sakuraebi,Sergia lucens,,,,,,,,,,Crustaceans,deep water,,,Planktivore,High,1--10,10,1,1,1,1,0,0,0,,1,Long distance,0,Japan,126475664,-0.28,5.39E+12,16775389752,0.00311174,0,0.0848478,,0.884,10,0.95398267,1.314984781,19,7.7,1,TURF,0,0,0,0,1,0,0,1,0,0,0,0,1,0,0,0,13,US$/kg,high,Trawl,Trawl,Local market,Local market,1,"Suruga Bay, Japan",1,1,,1,1,0,,1,1,1,1,0,1,0,0,1,0,1,0,0,0,0,0,0,1,9,1967,120,120,780,780,2000,tonnes biomass,2000,,0,1,1,0,0,0,0,0,1,,0,1,1,0,,0,0,0,0,1,1,0,2.3,0,0,0.4,0.71
21,,14,1,2,North Sea herring,Clupea harengus,0.296000004,Medium,45,benthopelagic,oceanodromous,low,Reliable: based on ex-vessel price for this species,temperate,3.11,Finfish - Pelagic,Deep water,,Surface water,Planktivore,Medium,10--100,100,1,1,1,1,1,1,1,1975,1,160,0,Scotland,5194000,0.5,2.14E+11,693190156.7,0.003233577,0,0.207183161,,0.849,10,0.303868173,1.705874164,23,7.7,1,,0,0,0,1,0,0,0,1,1,0,0,,1,,1,0,Low,,low,Trawl,Trawl,Export,Export,,North-western regions of North Sea,0,0,Fraserburgh,0,1,1,,1,,,1,,,,0,,,,,,,,,1,1,6,2007,22,22,,,80000,tonnes biomass,80000,6-Sep,,,0,1,0,0,1,0,0,,,0,0,0,,0,0,0,,1,1,0,2.3,0,0,0.4,0.71
22,,15,0,1,Walleye pollock,Theragra chalcogramma,,,91,benthopelagic,non-migratory,low,Reliable: based on ex-vessel price for this species,polar,3.45,Finfish-Benthic,soft slope (200-2000m),,,Carnivore,Medium,100-1000,100,1,1,1,1,0,1,1,1990,1,Long distance,0,Japan,126475664,-0.28,5.39E+12,16775389752,0.00311174,0,0.0848478,,0.884,10,0.95398267,1.314984781,19,7.7,1,TURF,0,0,0,0,1,0,0,0,1,,0,0,0,0,1,0,1.8084,US$/kg,low,Gillnet,Gillnet,,,,Large,0,0,,1,1,0,,,1,1,,0,1,0,1,0,0,0,1,0,0,1,0,1,1,1,1996,86,86,,,9200,tonnes biomass,9200,,0,1,1,1,0,0,0,0,1,,0,1,1,1,1,,1,0,0,1,1,0,2.3,2.1,0,0.7,0.5
23,,16,1,1,Brown mussel,Perna perna,,,,,,,,,,Molluscs,Rocky intertidal,,Rocky intertidal,Filter Feeder,High,0,0,0,1,0,,0,1,,,1,7,1,South Africa,49004031,-0.38,3.54E+11,244304663.4,0.000689347,0,0,0.014,0.597,9,0.019270835,0.056244327,86,4.7,1,"IQ, ITQ, TAE",0,0,0,0,1,1,0,1,1,1,1,,1,1,,,subsistence,,low,Hand,Hand,Local market,Local market,1,"10.5 km stretch of coastline of the Sokhulu subsistence mussel use zone, along the eastern coast of South Africa",0,0,999,0,1,0,,0,0,1,1,1,1,0,,1,0,1,1,0,0,1,0,1,1,8,1995,,,,,,,,9-May,0,1,1,0,0,0,0,0,1,,0,1,1,1,,1,1,,,0,1,2.5,2.8,0.9,0.9,1.1,0.21
24,,17,0,1,Geoduck,Panopea abrupta,,,,,,,,,,Molluscs,Soft shelf (30-200m),,,Filter Feeder,Medium,0,0,0,1,0,0,0,1,0,,1,40-50,1,Canada,34030589,0.79,1.56E+12,3700604749,0.002366116,0,0.147166086,,0.888,10,1.015461068,1.779242578,58,8.7,1,,0,1,0,0,0,0,0,1,1,,0,0,0,0,1,0,9,CAN$/lbs,medium,Dive,Dive,Export,Export,1,,0,0,,0,1,0,,1,1,1,1,1,,,0,0,0,1,1,0,0,0,0,1,,9,1981,39,39,41,41,4082,tonnes biomass,4082,,0,2,1,1,0,0,0,0,1,,1,1,1,1,,0,1,1,0,1,1,2,2.5,1.7,1.9,1.2,0.14
25,,18,0,2,Black-lip abalone,Haliotis rubra,,,,,,,,,,Molluscs,rocky reef,,rocky reef,Herbivore,Slow,0,0,0,1,0,,0,1,0,,1,02-abr,1,Australia,21766711,1.15,1.22E+12,2118015410,0.001736078,0,0.152656685,,0.937,10,0.834825671,1.727008739,16,8.7,1,"ITQ,ITEQ, IQ, CQ",1,0,0,0,0,0,0,1,1,0,0,1,0,1,0,0,25,AUS$/kg,high,Dive,Dive,Local market / Export,Local market/Export,,Coastal waters from mouth of hopkins river east to the Lakes entrance,0,0,,0,1,,,,,1,0,1,,1,,,,1,1,0,0,0,0,1,1,6,1987,,,,,,,,0,0,1,0,1,0,0,0,0,1,,1,1,1,0,1,1,1,0,0,1,1,1.5,1.9,1.1,0.7,1.3,0.07
26,,19,0,2,Black-lip abalone,Haliotis rubra,,,,,,,,,,Molluscs,rocky reef,,rocky reef,Herbivore,Slow,0,0,0,1,0,,0,1,0,,1,02-abr,1,Australia,21766711,1.15,1.22E+12,2118015410,0.001736078,0,0.152656685,,0.937,10,0.834825671,1.727008739,16,8.7,1,"ITQ,ITEQ, IQ, CQ",1,0,0,0,0,0,0,1,1,0,0,1,0,1,0,0,25,AUS$/kg,high,Dive,Dive,Local market / Export,Local market/Export,,Coastal waters from mouth of hopkins river to border of Victoria/South australia states,0,0,999,0,1,,0,0,1,1,0,1,0,1,,1,0,1,1,0,0,0,0,1,1,6,,,,,,,,,0,0,1,0,1,0,0,0,0,1,,1,1,1,0,1,1,1,0,0,1,1,1.5,1.9,1.1,0.7,1.3,0.07
27,,20,0,14,Cod,Gadus morhua,0.090000004,Low,200,benthopelagic,oceanodromous,medium,Reliable: based on ex-vessel price for this species,temperate,3.73,Finfish-Benthic,Deep water,,Deep water,Carnivore,Medium,100-1000,1000,1,1,1,1,0,1,1,1990,1,,0,Denmark,5529888,0.25,3.05E+11,985380462.5,0.003234998,0,1.431231357,,0.866,10,1.035622076,1.871835991,29,9.3,1,"IVQ, ITEQ",1,0,0,0,0,0,0,1,1,1,,,,1,,,,,medium,,,Local market / Export,Local market/Export,,Large,0,0,999,0,1,1,1,0,0,0,1,0,0,0,0,0,0,0,0,0,0,0,1,0,1,9,2007,,,87,87,,,,,0,,0,1,0,0,0,0,1,,1,1,1,,,0,1,1,1,1,1,0,2.3,0,0,0.4,0.71
28,,21,0,14,Cod,Gadus morhua,,,200,benthopelagic,oceanodromous,medium,Reliable: based on ex-vessel price for this species,temperate,3.73,Finfish-Benthic,Deep water,,Deep water,Carnivore,Medium,100-1000,1000,1,1,1,1,0,1,1,1990,1,,0,Denmark,5529888,0.25,3.05E+11,985380462.5,0.003234998,0,1.431231357,,0.866,10,1.035622076,1.871835991,29,9.3,1,"IVQ, ITEQ",1,0,0,0,0,0,0,1,1,1,,,,1,,,,,medium,,,Local market / Export,Local market/Export,,Large,0,0,999,0,1,1,1,0,0,0,1,0,0,0,0,0,0,0,0,0,0,0,1,0,1,2,2007,,,,,,,,,0,,0,1,0,0,0,0,1,,1,1,1,,,0,1,1,1,1,1,0,2.3,0,0,0.4,0.71
29,,22,1,999,Invertebrates,Tridacna derasa,,,,,,,,,,Molluscs,coral reef,,coral reef,Filter Feeder,Medium,0,0,0,0,0,,0,,,,1,8-Oct,,Solomon Islands,571890,2.22,674000000,205726976.9,0.305232903,0,0.231550048,,0.494,8,0.348724577,-0.671715124,108,2.8,1,TURF,0,0,0,0,1,1,0,1,0,0,0,1,0,1,1,,,,,Artisanal,Artisanal,Subsistence,Subsistence,,Large,1,1,,0,1,1,,0,1,1,1,0,1,0,,0,0,0,0,0,0,0,0,1,0,2,,230,230,761,761,4.75,tonnes biomass,4.75,1,,,2,0,2,0,0,0,1,,,1,0,0,,0,0,0,,0,1,2.4,2.8,1.1,0.8,1.1,0.21
30,,22,1,999,Finfish,,,,,,,,,,,Finfish - Reef,,,,,,,,,,,,0,1,,,,,,Solomon Islands,571890,2.22,674000000,205726976.9,0.305232903,0,0.231550048,,0.494,8,0.348724577,-0.671715124,108,2.8,1,TURF,0,0,0,0,1,1,0,1,0,0,0,1,0,1,1,,,,,Artisanal,Artisanal,Subsistence,Subsistence,,Large,1,1,,0,1,1,,0,1,1,1,0,1,0,,0,0,0,0,0,0,0,0,1,0,5,,230,230,761,761,222.92,tonnes biomass,222.92,1,,,2,0,2,0,0,0,1,,,1,0,0,,0,0,0,,0,0,NA,NA,NA,NA,NA,NA
31,,23,0,14,Cod,Gadus morhua,,,200,benthopelagic,oceanodromous,medium,Reliable: based on ex-vessel price for this species,temperate,3.73,Finfish-Benthic,Deep water,,Deep water,Carnivore,Medium,100-1000,1000,1,1,1,1,0,1,1,1990,1,,0,Denmark,5529888,0.25,3.05E+11,985380462.5,0.003234998,0,1.431231357,,0.866,10,1.035622076,1.871835991,29,9.3,1,"IVQ, ITEQ",1,0,0,0,0,0,0,1,1,1,,,,1,,,,,medium,Trawl,Trawl,Local market / Export,Local market/Export,,Large,0,0,999,0,1,1,1,0,0,0,1,0,0,0,0,0,0,0,0,0,0,0,1,0,1,5,2007,,,276,276,,,,,0,,0,1,0,0,0,0,1,,1,1,1,,,0,1,1,1,1,1,0,2.3,0,0,0.4,0.71
32,,24,0,14,Cod,Gadus morhua,,,200,benthopelagic,oceanodromous,medium,Reliable: based on ex-vessel price for this species,temperate,3.73,Finfish-Benthic,Deep water,,Deep water,Carnivore,Medium,100-1000,1000,1,1,1,1,0,1,1,1990,1,,0,Denmark,5529888,0.25,3.05E+11,985380462.5,0.003234998,0,1.431231357,,0.866,10,1.035622076,1.871835991,29,9.3,1,"IVQ, ITEQ",1,0,0,0,0,0,0,1,1,1,,,,1,,,,,medium,Trawl,Trawl,Local market / Export,Local market/Export,,Large,0,0,999,0,1,1,1,0,0,0,1,0,0,0,0,0,0,0,0,0,0,0,1,0,1,2,2007,260,260,265,265,,,,,0,,0,1,0,0,0,0,1,,1,1,1,,,0,1,1,1,1,1,0,2.3,0,0,0.4,0.71
33,,25,0,1,Summer flounder,Paralichthys dentatus,,,94,demersal,oceanodromous,very high,Reliable: based on ex-vessel price for this species,temperate,4.49,Finfish-Benthic,Hard bottom shelf,,Hard bottom shelf,Carnivore,High,100-1000,1000,1,1,1,1,0,1,,,1,,0,United States,313232044,0.96,1.46E+13,5757808667,0.000393831,0,0.026857001,,0.902,10,0.40989339,1.525049029,8,7.5,0,"ITQ, ITEQ, IQ, CQ, CFQ, TURF, Coops",0,0,0,0,0,0,0,1,1,1,1,1,1,1,,,2.06,US$/lbs,high,Trawl,Trawl,Local market,Local market,,Large,0,0,999,0,1,1,1,0,0,1,1,0,0,0,0,0,1,0,0,0,0,0,1,0,0,2,2009,,,8,8,75,tonnes biomass,75,,0,,0,1,0,0,0,0,1,,0,1,1,,,0,1,,1,1,1,1.5,2.9,2.5,1.8,1.1,0.21
34,,26,0,14,Cod,Gadus morhua,,,200,benthopelagic,oceanodromous,medium,Reliable: based on ex-vessel price for this species,temperate,3.73,Finfish-Benthic,Deep water,,Deep water,Carnivore,Medium,100-1000,1000,1,1,1,1,0,1,1,1990,1,,0,Denmark,5529888,0.25,3.05E+11,985380462.5,0.003234998,0,1.431231357,,0.866,10,1.035622076,1.871835991,29,9.3,1,"IVQ, ITEQ",1,0,0,0,0,0,0,1,1,1,,,,1,,,,,medium,Trawl,Trawl,Local market / Export,Local market/Export,,Large,0,0,999,0,1,1,1,0,0,0,0,0,0,0,0,0,0,0,0,0,0,0,1,0,1,3,2007,,,42,42,,,,,0,,0,1,0,0,0,0,1,,1,1,1,,,0,1,1,1,1,1,0,2.3,0,0,0.4,0.71
35,,27,0,14,Cod,Gadus morhua,,,200,benthopelagic,oceanodromous,medium,Reliable: based on ex-vessel price for this species,temperate,3.73,Finfish-Benthic,Deep water,,Deep water,Carnivore,Medium,100-1000,1000,1,1,1,1,0,1,1,1990,1,,0,Denmark,5529888,0.25,3.05E+11,985380462.5,0.003234998,0,1.431231357,,0.866,10,1.035622076,1.871835991,29,9.3,1,"IVQ, ITEQ",1,0,0,0,0,0,0,1,1,1,,,,1,,,,,medium,Trawl,Trawl,Local market / Export,Local market/Export,,Large,0,0,999,0,1,1,1,0,1,0,1,0,0,0,0,0,0,0,0,0,0,0,1,0,1,2,2007,20,20,,,,,,,0,,0,1,0,0,0,0,1,,1,1,1,,,0,1,1,1,1,1,0,2.3,0,0,0.4,0.71
36,,28,0,1,Pacific whiting,Merluccius productus,,,91,pelagic-oceanic,0,low,Reliable: based on ex-vessel price for this species,temperate,4.35,Finfish - Pelagic,Deep water,,Deep water,Carnivore,High,100-1000,1000,1,1,1,0,1,1,1,2002,1,,0,United States,313232044,0.96,1.46E+13,5757808667,0.000393831,0,0.026857001,,0.902,10,0.40989339,1.525049029,8,7.5,1,"ITQ, ITEQ, IQ, CQ, CFQ, TURF, Coops",1,0,0,0,0,1,0,1,1,,,,1,,,,0.06,US$/lbs,low,Trawl,Trawl,Local market / Export,Local market/Export,,Large,0,0,"Seattle, Washington",1,1,1,1,1,0,0,1,0,0,0,,0,,1,1,0,0,,1,1,1,3,1997,7,7,3,3,35051,tonnes biomass,35051,,0,,0,1,0,1,0,0,1,,0,1,1,0,,0,1,,,1,1,0,2.3,0,0,0.4,0.71
37,,29,0,1,Pacific herring,Clupea harengus pallasi,,,,,,,,,,Finfish - Pelagic,Deep water,,Surface waters,Carnivore,High,10--100,100,1,1,1,1,0,0,1,"1999, 2000, 2002, 2004, 2005, 2006",1,,0,United States,313232044,0.96,1.46E+13,5757808667,0.000393831,0,0.026857001,,0.902,10,0.40989339,1.525049029,8,7.5,1,"ITQ, ITEQ, IQ, CQ, CFQ, TURF, Coops",0,0,0,0,0,1,0,1,1,,,,1,1,0,0,0.5,US$/lbs,low,Seine,Seine,Export,Export,1,Medium,1,1,"Newport, Oregon",0,1,0,0,,1,0,1,0,0,0,1,0,,0,0,0,0,1,0,1,,5,1989,5,5,9,9,92.5,tonnes biomass,92.5,0.25,0,,1,1,1,1,0,0,1,,0,1,0,0,,1,1,0,1,1,1,0,2.3,0,0,0.4,0.71
38,Karly,30,0,6,Cod - Pacific,Gadus macrocephalus,0.200000003,Medium,119,demersal,oceanodromous,low,Reliable: based on ex-vessel price for this species,temperate,4.01,Finfish - Pelagic,,,,Carnivore,Medium,>1000,2000,1,1,1,1,1,1,0,,1,,,United States,313232044,0.96,1.46E+13,5757808667,0.000393831,0,0.026857001,,0.902,10,0.40989339,1.525049029,8,7.5,1,"ITQ, ITEQ, IQ, CQ, CFQ, TURF, Coops",0,0,0,0,0,1,0,1,1,0,0,0,1,1,1,0,0.384,US$/lbs,low,Trawl / Hook and line,Trawl / Hook and line,Local market / Export,Local market/Export,,Large,0,0,"Seattle, Washington",,1,1,1,0,0,1,1,1,0,0,0,0,,1,0,0,0,1,1,1,0,5,2006,16,16,7 companies,,,,,0.5,0,1,0,1,0,,0,0,1,,0,1,1,0,,0,1,0,0,1,1,0.4,0,2.3,2.1,0.8,0.43
39,Karly,30,0,6,Yellowfin sole,Limanda  aspera,,,,,,,,,,Finfish-Benthic,"Subtidal soft bottom, Soft shelf",,"Subtidal soft bottom, Soft shelf",Omnivore,Low,1--10,10,1,1,,,1,1,0,,1,,0,United States,313232044,0.96,1.46E+13,5757808667,0.000393831,0,0.026857001,,0.902,10,0.40989339,1.525049029,8,7.5,1,"ITQ, ITEQ, IQ, CQ, CFQ, TURF, Coops",0,0,0,0,0,1,0,1,1,0,0,0,1,1,1,0,,US$/lbs,,Trawl,Trawl,Export,Export,,Large,0,0,"Seattle, Washington",0,1,1,1,0,0,1,1,1,0,0,0,0,,1,0,0,0,1,1,1,0,7,2006,16,16,7 companies,,,,,,0,1,0,1,0,,0,0,1,,0,1,1,0,,0,1,0,0,1,0,2.2,0.5,0.1,0.3,0.8,0.43
40,Karly,30,0,6,Atka mackerel,Pleurogrammus  monopterygius,,,,,,,,,,Finfish-Benthic,hard slope (200-2000m),,hard slope (200-2000m),Invertivore,Medium,10--100,100,1,1,1,1,1,1,0,,1,long distance,0,United States,313232044,0.96,1.46E+13,5757808667,0.000393831,0,0.026857001,,0.902,10,0.40989339,1.525049029,8,7.5,1,"ITQ, ITEQ, IQ, CQ, CFQ, TURF, Coops",0,0,0,0,0,1,0,1,1,0,0,0,1,1,1,0,0.108,US$/lbs,low,Trawl,Trawl,,,,Large,0,0,"Seattle, Washington",0,1,1,1,0,0,1,1,1,0,0,0,0,,1,0,0,0,1,1,1,0,7,2006,16,16,7 companies,,,,,0.58,0,1,0,1,0,,0,0,1,,0,1,1,0,,0,1,0,0,1,0,0,0.9,1.6,0,0.8,0.43
41,Karly,31,0,3,Manila clam,Ruditapes  philippinarum,,,,,,,,,,Molluscs,shallow soft bottom,,shallow soft bottom,Filter Feeder,,0,0,0,1,0,,0,,0,,1,14-28,1,Italy,61016804,0.42,2.04E+12,592401703.8,0.000290821,0,0.375713993,,0.854,10,0.529618692,0.388301534,157,4.3,1,TURF,0,0,0,1,1,1,0,1,,0,0,1,,1,0,0,,,,Artisanal / Dredge,Artisanal,Local market / Export,Local market/Export,,Medium,lagoon,1,Goro,0,1,1,0,1,1,1,1,,,1,,,,,,1,,0,0,1,,7,1930,,,500,500,,,,0.55,1,,1,0,0,0,0,0,1,,,1,1,1,,,,,,1,1,2,2.5,1.7,1.9,0.8,0.43
42,Karly,32,0,4,Octopus,Octopus cyanea,,,,,,,,,,Molluscs,,,,,,1--10,10,,,,,0,,,,,,,Madagascar,21926221,2.97,8330000000,180068883.3,0.021616913,0,0,0.413,0.435,0,-0.669980778,-0.735394093,154,3,0,,0,0,0,0,0,0,1,0,0,0,0,1,1,1,1,,1300,Ariary/kg,low,Artisanal / Spear,Artisanal,Local market / Export,Local market/Export,0,Small,0,0,Andavadoaka,,1,1,1,1,1,1,1,0,,0,1,1,,1,1,0,0,0,0,1,0,6,2005,,,99,99,,,,0.83,0,1,0,0,0,0,0,0,1,,0,,,0,,0,,,0,0,1,2.4,2.8,1.1,0.8,1.1,0.21
43,Karly,33,0,1,Ben Tre hard clams,Meretrix  lyrata,,,,,,,,,,Molluscs,soft benthic,,soft benthic,Filter Feeder,,0,0,,,,,1,,0,,,,,Vietnam,90549390,1.08,1.02E+11,1836114504,0.018001123,0,0.18490731,0.075,0.572,-7,0.192590175,-0.425830675,31,2.7,1,,0,0,0,0,1,0,0,1,1,0,,1,0,1,0,0,,US$/ton,low,Artisanal / Hand,Artisanal,Local market / Export,Local market/Export,,Small,0,0,Binh Dai District,1,1,1,1,0,1,1,0,,1,0,0,1,1,,,1,,0,0,1,1,7,2007,0,,7586,7586,1592,tonnes biomass,1592,1,1,1,1,1,0,0,0,0,1,,0,1,,,,,1,,,0,1,1.6,2.5,2.2,1.3,1.4,0
44,Karly,34,0,11,Northern rockfish,Sebastes polyspinis,0.151999995,Low,41,demersal,0,medium,Questionable: based on ex-vessel price for species in this genus,temperate,3.57,Finfish-Benthic,hard bottom (75-150m),,hard bottom / slopes (75-125m),Planktivore,Low,10--100,100,,,,,0,1,0,,1,long distance,,United States,313232044,0.96,1.46E+13,5757808667,0.000393831,0,0.026857001,,0.902,10,0.40989339,1.525049029,8,7.5,1,"ITQ, ITEQ, IQ, CQ, CFQ, TURF, Coops",0,0,0,0,0,1,0,1,1,0,0,0,1,1,1,0,0.153,US$/lbs,medium,Trawl / Fixed gear,Trawl / Fixed gear,Export,Export,0,Large,gulf,1,"Kodiak, Alaska",0,1,1,1,0,0,1,1,0,0,0,,,,0,0,0,0,1,1,,,8,2007,3,3,3 companies,,,,,0.54,0,1,0,1,0,0,0,0,1,,1,1,1,0,,0,1,0,1,1,1,1.5,2.9,2.5,1.8,1.1,0.21
45,Karly,34,0,11,Pacific Ocean perch,Sebastes  alutus,,,,,,,,,,Finfish-Benthic,above hard substrate (10-30m),,soft shelf (150-420m),Planktivore,Low,10--100,100,1,1,,,0,1,0,,1,,,United States,313232044,0.96,1.46E+13,5757808667,0.000393831,0,0.026857001,,0.902,10,0.40989339,1.525049029,8,7.5,1,"ITQ, ITEQ, IQ, CQ, CFQ, TURF, Coops",0,0,0,0,0,1,0,1,1,0,0,0,1,1,1,0,0.16,US$/lbs,low,Trawl / Fixed gear,Trawl / Fixed gear,Export,Export,0,Large,gulf,1,"Kodiak, Alaska",0,1,1,1,0,0,1,1,0,0,0,,,,0,0,0,0,1,1,,,4,2007,3,3,3 companies,,,,,0.54,0,1,0,1,0,0,0,0,1,,1,1,1,0,,0,1,0,1,1,0,0,2.3,0,0,1.2,0.14
46,Karly,35,0,5,Wahoo,Acanthocybium  solandri,,,,,,,,,,Finfish - Pelagic,Surface water,,Surface water,Carnivore,High,>1000,2000,1,0,0,0,0,0,,,,,,Guam,,,2773000000,,,0,,,,,0.423741237,1.177173491,,,0,,0,0,0,0,0,0,,0,0,0,0,,0,1,1,0,2.00 - 1.50,US$/lbs,low,Hook and line,Hook and line,Local market,Local market,0,,island,1,Hagåtña (Agana),0,1,1,0,1,1,1,1,0,0,0,0,,,0,0,0,0,1,,1,,4,1976,,,300,300,,,,1,0,,0,0,0,0,0,0,1,,0,1,0,,,1,1,0,0,0,1,2.4,3.3,1.8,1.5,1.2,0.14
47,Karly,35,0,5,Mahi Mahi,Coryphaena  hippurus,,,,,,,,,,Finfish - Pelagic,Surface water,,Surface water,Carnivore,High,100-1000,1000,1,1,0,,0,0,,,0,,0,Guam,,,2773000000,,,0,,,,,0.423741237,1.177173491,,,0,,0,0,0,0,0,0,,0,0,0,0,,0,1,1,0,1.75 - 1.25,US$/lbs,low,Hook and line,Hook and line,Local market,Local market,0,,island,1,Hagåtña (Agana),0,1,1,0,1,1,1,0,0,0,0,0,,,0,0,0,0,1,,1,,4,1976,,,300,300,,,,1,0,,0,0,0,0,0,0,1,,0,1,0,,,1,1,0,0,0,0,2.4,3.3,1.8,1.5,1.2,0.14
48,Karly,35,0,5,Skipjack tuna (bonita),Katsuwonus  pelamis,,,,,,,,,,Finfish - Pelagic,Surface water/ Deep water,,Surface water/ Deep water,Carnivore,Medium,100-1000,1000,1,1,0,,0,1,0,,0,20,0,Guam,,,2773000000,,,0,,,,,0.423741237,1.177173491,,,0,,0,0,0,0,0,0,,0,0,0,0,,0,1,1,0,1.25 - 0.50,US$/lbs,low,Hook and line,Hook and line,Local market / Export,Local market/Export,0,,island,1,Hagåtña (Agana),0,1,1,0,1,1,1,0,0,0,0,0,,,0,0,0,0,1,,1,,4,1976,,,300,300,,,,1,0,,0,0,0,0,0,0,1,,0,1,0,,,1,1,0,0,0,0,2.4,3.3,1.8,1.5,1.2,0.14
49,Karly,36,0,1,Alaska pollock,Theragra chalcogramma,,,91,benthopelagic,non-migratory,low,Reliable: based on ex-vessel price for this species,polar,3.45,Finfish - Pelagic,soft slope (200-2000m),,,Carnivore,Medium,100-1000,100,1,1,,,1,1,0,,1,long distance,0,United States,313232044,0.96,1.46E+13,5757808667,0.000393831,0,0.026857001,,0.902,10,0.40989339,1.525049029,8,7.5,1,"ITQ, ITEQ, IQ, CQ, CFQ, TURF, Coops",0,0,0,0,0,1,0,1,1,0,0,0,1,1,1,0,Low,,low,Trawl,Trawl,Local market / Export,Local market/Export,0,Large,0,0,,1,1,1,1,0,0,0,0,0,0,0,0,1,1,,,0,0,0,1,,,4,,7,7,,,0,tonnes biomass,,0.78,0,1,0,1,0,0,0,0,1,,1,1,1,0,,0,1,0,0,1,1,0,2.3,2.1,0,0.7,0.5
50,Karly,37,0,1,Geoduck (Almeja),Panopea globosa,,,,,,,,,,Molluscs,Soft benthic,,Soft benthic,Filter Feeder,,0,0,0,1,0,,0,0,,,1,,0,Mexico,113724226,1.1,1.00E+12,1647677392,0.001641113,0,0.08742489,0.015,0.75,8,-0.683420257,-0.567909816,82,3.3,1,TURF,0,0,0,1,1,0,0,1,0,,0,,,1,0,0,,,,Dive,Dive,Export,Export,,upper Gulf of California,gulf,1,Golfo de Santa Clara,0,1,,1,0,0,1,1,0,0,0,,1,,0,0,0,0,0,0,1,,4,2002,,,,,,,,1,0,1,1,1,0,0,0,0,1,,0,1,1,,,1,1,,,1,1,1.6,2.5,2.2,1.3,1.4,0
51,Karly,38,0,1,Alaska pollock,Theragra chalcogramma,,,91,benthopelagic,non-migratory,low,Reliable: based on ex-vessel price for this species,polar,3.45,Finfish - Pelagic,soft slope (200-2000m),,,Carnivore,Medium,100-1000,100,1,1,,,1,1,0,,1,long distance,0,United States,313232044,0.96,1.46E+13,5757808667,0.000393831,0,0.026857001,,0.902,10,0.40989339,1.525049029,8,7.5,1,"ITQ, ITEQ, IQ, CQ, CFQ, TURF, Coops",0,0,0,0,0,1,0,1,1,0,0,0,1,1,1,0,Low,,low,Trawl,Trawl,Local market / Export,Local market/Export,0,Large,0,0,,1,1,1,1,0,0,0,1,0,0,0,0,1,1,,,0,0,0,1,,1,4,1999,19,19,21 companies,,85364.26,tonnes biomass,85364.26,0.78,0,1,0,1,0,0,0,0,1,,1,1,1,0,,0,1,0,0,1,1,0,2.3,2.1,0,0.7,0.5
52,Karly,39,0,11,Northern rockfish,Sebastes polyspinis,0.151999995,Medium,41,demersal,0,medium,Questionable: based on ex-vessel price for species in this genus,temperate,3.57,Finfish-Benthic,hard bottom (75-150m),,hard bottom / slopes (75-125m),Planktivore,Low,10--100,100,,,,,0,1,0,,1,long distance,,United States,313232044,0.96,1.46E+13,5757808667,0.000393831,0,0.026857001,,0.902,10,0.40989339,1.525049029,8,7.5,1,"ITQ, ITEQ, IQ, CQ, CFQ, TURF, Coops",0,0,0,0,0,1,0,1,1,0,0,0,1,1,1,0,0.153,US$/lbs,medium,Trawl / Fixed gear,Trawl / Fixed gear,Export,Export,0,Large,gulf,1,"Kodiak, Alaska",0,1,1,1,0,0,1,1,0,0,0,,,,0,0,0,0,1,1,,,4,2007,6,6,7 companies,,,,,0.54,0,1,0,1,0,0,0,0,1,,1,1,1,0,,0,1,0,1,1,1,1.5,2.9,2.5,1.8,1.1,0.21
53,Karly,39,0,11,Pacific Ocean perch,Sebastes  alutus,,,,,,,,,,Finfish-Benthic,above hard substrate (10-30m),,soft shelf (150-420m),Planktivore,Low,10--100,100,1,1,,,0,1,0,,1,,,United States,313232044,0.96,1.46E+13,5757808667,0.000393831,0,0.026857001,,0.902,10,0.40989339,1.525049029,8,7.5,1,"ITQ, ITEQ, IQ, CQ, CFQ, TURF, Coops",0,0,0,0,0,1,0,1,1,0,0,0,1,1,1,0,0.16,US$/lbs,low,Trawl / Fixed gear,Trawl / Fixed gear,Export,Export,0,Large,gulf,1,"Kodiak, Alaska",0,1,1,1,0,0,1,1,0,0,0,,,,0,0,0,0,1,1,,,4,2007,6,6,7 companies,,,,,0.54,0,1,0,1,0,0,0,0,1,,1,1,1,0,,0,1,0,1,1,0,0,2.3,0,0,1.2,0.14
54,Karly,40,0,5,Abulon Amarillo,Haliotis corrugata,,,,,,,,,,Molluscs,,,,Herbivore,,0,0,0,1,,,0,,,,,,1,Mexico,113724226,1.1,1.00E+12,1647677392,0.001641113,0,0.08742489,0.015,0.75,8,-0.683420257,-0.567909816,82,3.3,1,TURF,,,,1,1,1,0,1,1,,,1,1,1,1,,830,Pesos/kg,high,Dive,Dive,Export,Export,,,island,1,Cedros Island,1,1,0,1,1,1,1,1,0,,0,0,1,1,1,1,0,0,0,0,1,,4,1936,22,22,152,152,,,,12-Jul,0,1,1,1,0,0,0,0,1,,0,1,0,1,,0,1,0,0,1,1,1.6,2,0,0.1,0.2,0.86
55,Karly,40,0,5,Abulon Azul,Haliotis fulgens,,,,,,,,,,Molluscs,Rocky intertidal,,Rocky intertidal,Herbivore,,0,0,0,1,,,0,,,,1,,1,Mexico,113724226,1.1,1.00E+12,1647677392,0.001641113,0,0.08742489,0.015,0.75,8,-0.683420257,-0.567909816,82,3.3,1,TURF,,,,1,1,1,0,1,1,,,1,1,1,1,,830,Pesos/kg,high,Dive,Dive,Export,Export,,,island,1,Cedros Island,1,1,0,1,1,1,1,1,0,,0,0,1,1,1,1,0,0,0,0,1,,8,1936,22,22,152,152,,,,12-Jul,0,1,1,1,0,0,0,0,1,,0,1,0,1,,0,1,0,0,1,0,2.5,2.8,0.9,0.9,1.1,0.21
56,Karly,40,0,5,Spiny lobster,Panulirus interruptus,,,,,,,,,,Crustaceans,Rocky bottom,,Rocky bottom,Carnivore,Medium,1--10,10,1,1,,,1,1,0,,1,long distance,,Mexico,113724226,1.1,1.00E+12,1647677392,0.001641113,0,0.08742489,0.015,0.75,8,-0.683420257,-0.567909816,82,3.3,1,TURF,0,0,0,0,1,1,0,1,,1,0,1,1,1,1,1,,,,Trap,Trap,export,Export,,,island,1,Cedros Island,0,1,1,1,1,1,1,1,0,1,1,0,1,1,,,0,0,0,1,1,,8,1936,22,22,152,152,163,tonnes biomass,163,9-Feb,,1,1,,0,0,0,0,1,,0,1,0,1,,0,1,0,0,1,0,2.5,2.8,0.9,0.9,1.1,0.21
57,Karly,41,0,1,Alaska pollock,Theragra chalcogramma,,,91,benthopelagic,non-migratory,low,Reliable: based on ex-vessel price for this species,polar,3.45,Finfish - Pelagic,soft slope (200-2000m),,,Carnivore,Medium,100-1000,100,1,1,,,1,1,0,,1,long distance,0,United States,313232044,0.96,1.46E+13,5757808667,0.000393831,0,0.026857001,,0.902,10,0.40989339,1.525049029,8,7.5,1,"ITQ, ITEQ, IQ, CQ, CFQ, TURF, Coops",0,0,0,0,0,1,0,1,1,0,0,0,1,1,1,0,Low,,low,Trawl,Trawl,Local market / Export,Local market/Export,0,Large,0,0,"Dutch Harbor / Akutan, Alaska",1,1,1,1,0,0,0,1,0,0,0,0,,,,,0,0,0,,0,0,9,1999,10,10,,,,tonnes biomass,,0.78,0,1,0,1,0,0,0,0,1,,1,1,1,0,,0,1,0,0,1,1,0,2.3,2.1,0,0.7,0.5
58,Karly,42,0,1,Alaska pollock,Theragra chalcogramma,,,91,benthopelagic,non-migratory,low,Reliable: based on ex-vessel price for this species,polar,3.45,Finfish - Pelagic,soft slope (200-2000m),,,Carnivore,Medium,100-1000,100,1,1,,,1,1,0,,1,long distance,0,United States,313232044,0.96,1.46E+13,5757808667,0.000393831,0,0.026857001,,0.902,10,0.40989339,1.525049029,8,7.5,1,"ITQ, ITEQ, IQ, CQ, CFQ, TURF, Coops",0,0,0,0,0,1,0,1,1,0,0,0,1,1,1,0,Low,,low,Trawl,Trawl,Local market / Export,Local market/Export,0,Large,0,0,"Seattle, Washington",1,1,1,1,0,0,0,1,0,0,0,0,1,1,1,0,0,0,0,1,1,1,1,1998,19,19,6 companies,,280811,tonnes biomass,280811,0.78,0,1,0,1,0,0,0,0,1,,1,1,1,0,,0,1,0,0,1,1,0,2.3,2.1,0,0.7,0.5
59,Karly,43,0,1,Ben Tre hard clams,Meretrix  lyrata,,,,,,,,,,Molluscs,soft benthic,,soft benthic,Filter Feeder,,0,0,0,,,,1,,0,,,,,Vietnam,90549390,1.08,1.02E+11,1836114504,0.018001123,0,0.18490731,0.075,0.572,-7,0.192590175,-0.425830675,31,2.7,1,,0,0,0,0,1,0,0,1,1,0,,1,0,1,0,0,,US$/ton,low,Artisanal / Hand,Artisanal,Local market / Export,Local market/Export,,Small,0,0,Binh Dai District,1,1,1,1,0,1,1,1,,1,0,0,1,1,,,1,,0,0,1,1,6,1997,0,,7357,7357,3055,tonnes biomass,3055,1,1,1,1,1,0,0,0,0,1,,0,1,,,,,1,,,0,1,1.6,2.5,2.2,1.3,1.4,0
60,Karly,44,0,2,Callo de hacha (Pen shell),Atrina tuberculosa,,,,,,,,,,Molluscs,soft benthic,,soft benthic,,,0,0,0,,,,0,0,0,,0,,0,Mexico,113724226,1.1,1.00E+12,1647677392,0.001641113,0,0.08742489,0.015,0.75,8,-0.683420257,-0.567909816,82,3.3,1,TURF,0,0,0,0,1,0,0,1,0,,0,0,0,1,1,0,18-Sep,US$/kg,medium,Dive,Dive,,,1,Medium,channel,1,Punta Chueca,0,1,0,1,0,0,1,1,0,0,0,0,0,0,0,0,0,0,0,0,0,,8,1975,20-May,13,15-60,38,,,,1,0,0,1,0,0,1,1,0,0,,1,0,0,0,,0,0,0,0,1,1,1.6,2.5,2.2,1.3,1.4,0
61,Karly,44,0,2,Callo de hacha / Pen Shell,Pinna  rugosa,,,,,,,,,,Molluscs,soft benthic,,soft benthic,,,0,0,0,,,,0,0,0,,0,,0,Mexico,113724226,1.1,1.00E+12,1647677392,0.001641113,0,0.08742489,0.015,0.75,8,-0.683420257,-0.567909816,82,3.3,1,TURF,0,0,0,0,1,0,0,1,0,,0,0,0,1,1,0,18-Sep,US$/kg,medium,Dive,Dive,,,1,Medium,channel,1,Punta Chueca,0,1,0,1,0,0,1,1,0,0,0,0,0,0,0,0,0,0,0,0,0,,2,1975,20-May,13,15-60,38,,,,1,0,0,1,0,0,1,1,0,0,,1,0,0,0,,0,0,0,0,1,0,1.6,2.5,2.2,1.3,1.4,0
62,,47,0,10,Loco,Concholepas concholepas,,,,,,,,,,Molluscs,rocky intertidal (0-30m),,rocky intertidal (0-30m),Invertivore,High,0,0,0,1,1,1,0,1,1,1996,1,,1,Chile,16888760,0.84,1.99E+11,1232358451,0.006186538,0,0.072099891,,0.783,10,0.628275196,1.25052559,68,6.7,1,"ITQ, TURF",0,0,0,0,1,1,0,1,1,0,0,1,0,1,0,0,18.8,US$/kg,medium,Dive,Dive,Export,Export,0,Small,1,1,El Quisco,0,1,1,1,1,1,1,1,1,0,0,1,1,1,0,0,0,0,0,0,1,1,2,1957,36,36,112,112,25.4,tonnes biomass,25.4,0.33,0,1,1,1,0,0,0,0,1,,0,1,1,0,,0,1,1,1,1,1,2.5,2.8,0.9,0.9,1.1,0.21
63,,47,0,7,Loco,Concholepas concholepas,,,,,,,,,,Molluscs,rocky intertidal (0-30m),,rocky intertidal (0-30m),Invertivore,High,0,0,0,1,1,1,0,1,1,1996,1,,1,Chile,16888760,0.84,1.99E+11,1232358451,0.006186538,0,0.072099891,,0.783,10,0.628275196,1.25052559,68,6.7,1,"ITQ, TURF",0,0,0,0,1,1,0,1,1,0,0,1,0,1,0,0,18,US$/kg,medium,Dive,Dive,Export,Export,0,Small,1,1,Puerto Oscuro,0,1,1,1,1,1,1,1,1,0,0,1,1,,0,0,0,0,0,0,1,1,8,1999,7,7,25,25,7.3,tonnes biomass,7.3,0.25,0,1,1,1,0,0,0,0,1,,0,1,1,0,0,1,1,1,1,1,0,2.5,2.8,0.9,0.9,1.1,0.21
64,,47,0,7,Lapas,Fissurella spp.,,,,,,,,,,Molluscs,,,rocky intertidal (0-30m),Filter Feeder,,0,0,,,,,0,1,1,,,,,Chile,16888760,0.84,1.99E+11,1232358451,0.006186538,0,0.072099891,,0.783,10,0.628275196,1.25052559,68,6.7,1,"ITQ, TURF",0,0,0,0,1,1,0,1,,0,0,,,1,0,0,3.1,US$/kg,,Dive,Dive,,,,Small,1,1,Puerto Oscuro,,1,0,,1,1,1,1,1,0,0,1,1,,0,0,0,0,0,0,1,1,7,1999,7,7,25,25,15.7,tonnes biomass,15.7,,0,1,1,1,0,0,0,0,1,,0,1,1,0,0,1,1,1,1,1,0,2.5,2.8,0.9,0.9,1.1,0.21
65,,48,0,100,Yellow-tailed emperor,Lethrinus atkinsoni,0.289999992,Medium,50,reef-associated,non-migratory,very high,Very questionable: based on ex-vessel price for species in this family,tropical,3.49,Finfish - Reef,"Reef, Lagoon, Mangroves, Seagrass, Algal beds",,,Carnivore,Medium,1--10,,,1,1,,0,0,0,,1,,,Fiji,883125,0.8,3154000000,193476031.9,0.061343067,0,0.21938879,,0.669,-4,-0.220326941,-0.755418383,65,,1,TURF,0,0,0,0,1,1,1,0,0,0,0,0,0,0,1,0,,,high,Artisanal,Artisanal,Local Market / Subsistence,Local Market / Subsistence,,Small,1,1,999,0,1,0,0,0,0,1,1,0,1,0,1,1,0,0,1,1,0,1,0,1,1,7,999,13,13,650,650,,,,1,,,1,0,0,0,0,0,1,,0,1,1,0,1,0,0,1,0,0,1,2.4,2.8,1.1,0.8,1.1,0.21
66,,48,0,100,Blackspot emperor,Lethrinus harak,0.449999988,Medium,50,reef-associated,non-migratory,very high,Very questionable: based on ex-vessel price for species in this family,tropical,3.56,Finfish - Reef,"Reef, Lagoon, Mangroves, Seagrass, Algal beds",,"Reef, Lagoon, Mangroves, Seagrass, Algal beds",Carnivore,High,1--10,,,1,,,0,0,0,,0,,,Fiji,883125,0.8,3154000000,193476031.9,0.061343067,0,0.21938879,,0.669,-4,-0.220326941,-0.755418383,65,,1,TURF,0,0,0,0,1,1,1,0,0,0,0,0,0,0,1,0,,,high,Artisanal,Artisanal,Local Market / Subsistence,Local Market / Subsistence,,Small,1,1,999,0,1,0,0,0,0,1,0,0,1,0,1,1,0,0,1,1,0,1,0,1,1,8,999,13,13,650,650,,,,1,,,1,0,0,0,0,0,1,,0,1,1,0,1,0,0,1,0,0,0,2.4,2.8,1.1,0.8,1.1,0.21
67,,48,0,100,Cake urchin,Tripneustes gratilla,,,,,,,,,,Other Invertebrates,"Reef, Lagoon, Mangroves, Seagrass, Algal beds",,"Reef, Lagoon, Mangroves, Seagrass, Algal beds",Herbivore,,1--10,10,,,,,0,0,0,,,,,Fiji,883125,0.8,3154000000,193476031.9,0.061343067,0,0.21938879,,0.669,-4,-0.220326941,-0.755418383,65,,1,TURF,0,0,0,0,1,1,1,0,0,0,0,0,0,0,1,0,,,,Artisanal,Artisanal,Local Market / Subsistence,Local Market / Subsistence,,Small,1,1,999,0,1,0,0,0,0,1,0,0,1,0,1,1,0,0,1,1,0,1,0,1,1,8,999,13,13,650,650,,,,1,,,1,0,0,0,0,0,1,,0,1,1,0,1,0,0,1,0,0,0,2.4,2.8,1.1,0.8,1.1,0.21
68,Tonya,49,0,1,Caribbean spiny lobster,Panulirus argus,,,,,,,,,,Crustaceans,Rocky Reef,,Rocky Reef,Invertivore,Medium,1--10,10,1,1,0,,0,0,0,,1,365,0,Mexico,113724226,1.1,1.00E+12,1647677392,0.001641113,0,0.08742489,0.015,0.75,8,-0.683420257,-0.567909816,82,3.3,1,TURF,0,0,0,0,1,1,0,1,0,0,0,1,1,1,0,1,17.23,US$/kg,high,Artisanal,Artisanal,Local market / Export,Local market/Export,,Large,1,1,Bahia de la Ascension,0,1,1,0,1,0,,0,0,1,0,1,1,1,0,0,0,0,1,0,1,0,8,1969,55,55,80,80,66.2,tonnes biomass,66.2,0.66,1,3,1,,0,0,0,0,1,,1,1,1,0,,0,,1,0,1,1,1.5,1.9,1.1,0.7,1.3,0.07
75,Karly&Tonya,50,0,3,Oyster,Crassostrea rhizophorae,,,,,,,,,,Molluscs,estuarine,,estuarine,Filter Feeder,,0,0,0,1,0,,0,0,0,,,,,Brazil,203429773,1.13,2.02E+12,1531240226,0.000756542,0,1.583148148,0.039,0.699,8,0.287988903,-0.181961392,98,3.7,1,TURF,0,0,0,0,1,1,1,1,0,0,0,0,0,0,0,0,0.09,oyster,low,,,local market,Local market,1,Cananéia estuary (Mandira Neighborhood Extractive Reserve),estuary,1,Caneneia,0,1,0,1,1,0,1,0,0,0,0,0,1,0,0,0,0,0,0,0,0,0,6,1994,,,53,53,348000,oysters,,01-dic,1,0,1,0,0,0,0,0,1,,0,1,1,0,0,1,1,,0,0,1,3,2.4,1.2,0.2,1.1,0.21
76,Karly&Tonya,51,0,7,Sardinella,Sardinella brasiliensis,,,,,,,,,,Finfish - Pelagic,,,,,,10--100,100,1,1,0,,0,1,0,,,,,Brazil,203429773,1.13,2.02E+12,1531240226,0.000756542,0,1.583148148,0.039,0.699,8,0.287988903,-0.181961392,98,3.7,1,TURF,0,0,1,0,1,0,0,1,0,1,0,0,0,1,1,0,medium,fish base,medium,"Seine, artisanal",Seine,,,,Arraial do Cabo cape,cape,1,Arraial do Cabo,0,1,1,1,0,0,0,0,0,0,0,0,0,0,0,0,0,0,0,0,0,0,2,1990,,,150,150,,,,,0,,3,0,0,0,0,0,1,,,1,1,0,1,0,,,0,0,1,2.2,0.5,0.1,0.3,0.8,0.43
77,Karly&Tonya,51,1,7,Little Tuna,Euthynnus alleteratus,,,,,,,,,,Finfish - Pelagic,,,,Carnivore,,100-1000,1000,1,1,0,,0,0,0,,,,,Brazil,203429773,1.13,2.02E+12,1531240226,0.000756542,0,1.583148148,0.039,0.699,8,0.287988903,-0.181961392,98,3.7,1,TURF,0,0,1,0,1,0,0,1,0,1,0,0,0,1,1,0,medium,fish base,medium,"Seine, artisanal",Seine,,,,Arraial do Cabo cape,cape,1,Arraial do Cabo,0,1,1,1,0,0,0,1,0,0,0,0,0,0,0,0,0,0,0,0,0,0,1,1990,,,150,150,,,,,0,,3,0,0,0,0,0,1,,,1,1,0,1,0,,,0,0,0,1.5,1.9,1.1,0.7,1.3,0.07
78,Karly&Tonya,51,2,7,Chub Mackerel,Scomber  japonicus,,,,,,,,,,Finfish - Pelagic,,,,Carnivore,,100-1000,1000,1,1,0,,0,0,0,,,,,Brazil,203429773,1.13,2.02E+12,1531240226,0.000756542,0,1.583148148,0.039,0.699,8,0.287988903,-0.181961392,98,3.7,1,TURF,0,0,1,0,1,0,0,1,0,1,0,0,0,1,1,0,high,fish base,high,"Seine, artisanal",Seine,,,,Arraial do Cabo cape,cape,1,Arraial do Cabo,0,1,1,1,0,0,0,1,0,0,0,0,0,0,0,0,0,0,0,0,0,0,1,1990,,,150,150,,,,,0,,3,0,0,0,0,0,1,,,1,1,0,1,0,,,0,0,0,2,2.5,1.7,1.9,1.2,0.14
79,Tonya,52,0,5,Brown shrimp,Farfantepenaeus  californiensis,,,,,,,,,,Crustaceans,estuarine,,estuarine,,,1--10,10,1,1,1,1,0,1,0,0,1,,,Mexico,113724226,1.1,1.00E+12,1647677392,0.001641113,0,0.08742489,0.015,0.75,8,-0.683420257,-0.567909816,82,3.3,1,TURF,0,0,0,0,1,1,0,1,1,1,0,1,1,1,0,0,4.3,US$/kg,low,Trawl,Trawl,Local market / Export,Local market/Export,,Local market / Export,,0,,,1,1,1,0,0,0,1,0,1,1,0,0,0,0,1,1,0,0,0,0,0,1,1942,32,32,64,64,,,,September to March,0,0,1,1,0,0,0,0,1,,1,1,1,1,1,1,0,1,0,1,1,1.9,2.8,0.9,0.9,0.8,0.43
80,Tonya,52,0,5,Blue Shrimp,Litopenaeus  stylirostris,,,,,,,,,,Crustaceans,estuarine,,estuarine,,,1--10,10,1,1,1,1,0,1,0,0,1,,,Mexico,113724226,1.1,1.00E+12,1647677392,0.001641113,0,0.08742489,0.015,0.75,8,-0.683420257,-0.567909816,82,3.3,1,TURF,0,0,0,0,1,1,0,1,1,1,0,1,1,1,0,0,4.3,US$/kg,low,Trawl,Trawl,Local market / Export,Local market/Export,,Local market / Export,,0,,,1,1,1,0,0,0,0,0,1,1,0,0,0,0,1,1,0,0,0,0,0,4,1942,32,32,64,64,,,,September to March,0,0,1,1,0,0,0,0,1,,1,1,1,1,1,1,0,1,0,1,0,1.9,2.8,0.9,0.9,0.8,0.43
84,Dan,53,0,9,Topshell,Batillus cornutus,,,,,,,,,,Molluscs,Rocky Reef,,Rocky Reef,Herbivore,,1--10,10,,,,,0,0,1,1989,1,,,"Korea, South",48754657,0.23,9.86E+11,4232801555,0.004291596,0,0.091638878,,0.877,8,0.21282693,0.999382508,5,5.5,1,"TURF, Co-op",0,0,0,0,1,1,0,0,1,0,0,1,1,1,0,0,3,US$/kg,low,Dive,Dive,Local market/Export,Local market/Export,0,253 km,0,0,Many,0,1,0,1,1,1,1,0,0,1,0,,1,1,0,0,0,1,0,0,0,1,4,1300,,,5000,5000,1000,tonnes,1000,8-Jun,1,0,1,0,0,0,,,,,0,1,1,1,1,0,1,0,0,0,1,1.5,1.9,1.1,0.7,1.3,0.07
85,Dan,53,0,9,Abalone,Haliotis  sp.,,,,,,,,,,Molluscs,Rocky Reef,,Rocky Reef,Herbivore,Medium,1--10,10,0,1,0,,0,0,1,2000,1,Check other abalone,1,"Korea, South",48754657,0.23,9.86E+11,4232801555,0.004291596,0,0.091638878,,0.877,8,0.21282693,0.999382508,5,5.5,1,"TURF, Co-op",0,0,0,0,1,1,0,0,0,0,0,1,0,1,0,0,290,US$/kg,high,Dive,Dive,Local market/Export,Local market/Export,0,253 km,0,0,Many,0,1,0,1,1,1,1,1,0,1,0,,1,1,0,0,0,1,0,0,0,1,7,1300,,,5000,5000,2,tonnes,2,0,1,0,1,0,0,0,,,,,0,1,1,1,1,0,1,0,0,0,0,1.5,1.9,1.1,0.7,1.3,0.07
86,Dan,54,0,999,Acanthuridae,,,,,,,,,,,Finfish - Reef,,,,Herbivore,,1--10,10,0,1,,,0,0,0,0,,,,Papua New Guinea,6187591,1.99,8809000000,1048872878,0.119068325,0,0.352519662,,0.431,4,-0.611518921,-0.974627836,163,2.1,0,0,0,0,0,0,0,0,1,0,0,0,0,0,0,0,0,0,,,,Artisianal,Artisanal,Subsistence/Local Market,Local Market / Subsistence,,5.5 km^2,1,1,Ahus Island,0,1,0,0,0,1,0,1,0,1,1,,0,0,1,1,0,0,0,0,0,1,7,999,,,600,600,,,,0,0,0,2,0,0,0,,,,Low,0,0,1,0,0,0,0,0,0,0,1,2.4,2.8,1.1,0.8,1.1,0.21
87,Dan,54,0,999,Mulllidae (goatfish),,,,,,,,,,,Finfish - Reef,,,,Invertivore,Medium,10--100,100,0,1,,,0,0,0,0,,,,Papua New Guinea,6187591,1.99,8809000000,1048872878,0.119068325,0,0.352519662,,0.431,4,-0.611518921,-0.974627836,163,2.1,0,0,0,0,0,0,0,0,1,0,0,0,0,0,0,0,0,0,,,,Artisianal,Artisanal,Subsistence/Local Market,Local Market / Subsistence,,5.5 km^2,1,1,Ahus Island,0,1,0,0,0,1,0,1,0,1,0,,0,0,1,1,0,0,0,0,0,1,6,999,,,600,600,,,,0,0,0,2,0,0,0,,,,Low,0,0,1,0,0,0,0,0,0,0,0,2.2,0.5,0.1,0.3,0.8,0.43
88,Dan,55,0,4,Tehuelche scallop,Aequipecten tehuelchus,,,,,,,,,,Molluscs,,,,Filter Feeder,Low,0,0,0,1,0,,0,1,1,"1974, 1996",1,20,1,Argentina,41769726,1.02,3.51E+11,2800399634,0.007978347,0,0.247428601,0.011,0.775,8,-0.016068056,-0.663375138,45,2.9,0,0,0,0,0,0,0,0,0,1,1,0,0,1,,1,0,0,,,,Dive,Dive,Local market/Export,Local market/Export,1,814 km^2,1,1,,,1,1,0,0,0,0,0,0,0,0,,0,0,0,0,0,0,1,0,1,1,4,1993,,,,,,,,0,0,0,0,0,0,,,,,,0,0,0,,0,0,0,0,0,0,1,NA,NA,NA,NA,NA,NA
89,Dan,56,0,999,Bonga shad,Ethmalosa fimbriata,,,,,,,,,,Freshwater & Diadromous,,,,Planktivore,,10--100,100,1,1,0,,0,0,0,0,1,,,"Gambia, the",1797860,2.4,1040000000,31146577.76,0.029948632,0,0.305712543,0.324,0.39,-5,0.262985222,-0.429832142,68,2.9,0,0,0,0,0,0,0,0,1,0,0,0,0,0,1,1,0,0,High,,,Surrounding net,Surrounding net,Local market/Export,Local market/Export,,,0,0,,,1,1,1,1,1,1,0,0,0,0,,0,0,0,0,0,0,0,0,0,,2,1988,112,112,,,3865,tonnes,3865,0,0,0,0,0,0,0,,,,,0,1,0,0,0,1,1,0,0,0,1,NA,NA,NA,NA,NA,NA
90,Dan,57,0,2,mangrove cockle,Anadara tuberulosa,,,,,,,,,,Molluscs,Mangrove,,Mangrove,Filter Feeder,Low,0,0,0,0,0,,0,0,0,0,1,,,Ecuador,15007343,1.44,61490000000,391388187.4,0.006365071,,0.163074603,0.009,0.695,5,-0.748772135,-1.282997155,99,2.2,1,TURF,0,0,0,0,1,0,1,0,0,0,0,1,0,0,0,0,16,,medium,Hand,Hand,Local market,Local market,1,5.2 km^2,1,1,"Costa Rica, Ecuador",0,0,1,1,0,1,1,0,0,0,0,,1,0,1,1,0,1,0,0,0,1,2,2000,,,40,40,,,,0,0,1,2,0,0,0,,,,,0,1,1,0,0,1,1,1,1,0,1,3,2.4,1.2,0.2,1.1,0.21
91,Karly,58,,999,King fish,Scomberomorus  commerson,,,,,,,,,,Finfish - pelagic,Pelagic-neritic,,,Carnivore,,10--100,100,1,1,1,1,0,1,0,,1,,,Oman,3027959,2.02,53780000000,140196958.1,0.002606861,0,0.308119631,,,-8,0.812206129,0.683490292,104,5.5,1,,0,0,0,0,1,0,1,0,0,0,0,0,0,1,0,0,1.35,OMR (oman rial) per kg,low,Artisanal,Artisanal,subsistence / local market,Local Market / Subsistence,,Al-Batinah coast,,0,"Barka, Musna and Suwaiq",0,0,0,0,0,0,,0,0,1,0,,1,0,1,1,0,,0,0,0,,6,1900,4158,4158,,,,,,,1,0,0,0,0,0,,,,,0,0,1,,0,0,0,0,0,0,1,1.5,2.9,2.5,2.8,1.2,0.14
92,Karly,59,,999,Carribean Spiny Lobster,Panuliris  argus,,,,,,,,,,Crustaceans,Demersal,,sea grass beds,Invertivore,,1--10,10,1,1,0,,0,1,0,,1,365,0,Belize,321115,2.06,1431000000,65052594.15,0.045459535,0,0.162821935,0.024,0.694,,0.077101238,-0.382262966,168,,0,,0,0,0,0,0,0,1,0,0,0,0,1,1,1,0,1,24.07,2009,high,"Dive, traps",Dive,export,Export,,all of belize coast,,0,Belize City,0,1,1,1,1,1,1,,0,0,0,,0,0,0,0,0,0,0,0,0,0,4,1966,,,700,700,642,metric tons,642,6.5-2.5,0,1,0,0,0,0,0,0,1,,0,1,1,1,1,0,1,1,0,0,1,2.6,2.1,1.4,0.5,1,0.29
93,Karly,59,,999,Queen Conch,Strombus  gigas,,,,,,,,,,Other Invertebrates,Demersal,,sea grass beds,Herbivore,,1--10,10,0,1,0,,0,1,0,,1,medium,1,Belize,321115,2.06,1431000000,65052594.15,0.045459535,0,0.162821935,0.024,0.694,,0.077101238,-0.382262966,168,,0,,0,0,0,0,0,0,1,0,1,0,0,1,1,1,0,0,9.1,belize $ 2003 dollars per pound,medium,Dive,Dive,export,Export,,all of belize coast,,0,Belize City,0,1,1,1,1,1,1,0,0,0,0,,0,0,0,0,0,0,0,0,0,0,2,1966,,,700,700,279,metric tons,279,10-Jun,0,1,0,0,0,0,0,0,1,,0,1,1,1,1,0,1,1,0,0,0,2.6,2.1,1.4,0.5,1,0.29
94,Karly,60,,20,Kadal Shrimp,Metapenaeus  dobsoni,,,,,,,,,,Crustaceans,Demersal,,estuarine,,High,1--10,10,1,,1,0,0,0,0,,1,,,India,1189172906,1.34,1.43E+12,3065580546,0.002143763,0,1.662514779,0.296,0.519,9,-1.187927632,0.049102192,182,3.4,1,,0,0,1,0,1,0,1,0,0,1,0,0,1,1,0,0,,,,Artisanal,Artisanal,,,1,Vallarpadam in central Kerala (south India),"lagoon/estuary, island",1,Vivekananda Chandrika Dheevara Sabha,0,1,1,0,0,1,1,0,0,1,0,,1,1,1,0,0,,0,0,0,,2,1980,,,21,21,,,,,0,0,3,0,0,0,,,,,0,1,1,0,0,0,,0,0,0,1,2.2,0.5,0.1,0.3,0.8,0.43
95,Karly,60,,20,Speckled Shrimp,Metapenaeus  monoceros,,,,,,,,,,Crustaceans,Demersal,,estuarine,,High,1--10,10,1,,1,0,0,0,0,,,,,India,1189172906,1.34,1.43E+12,3065580546,0.002143763,0,1.662514779,0.296,0.519,9,-1.187927632,0.049102192,182,3.4,1,,0,0,1,0,1,0,1,0,0,1,0,0,1,1,0,0,very high,fish base,high,Artisanal,Artisanal,,,1,Vallarpadam in central Kerala (south India),"lagoon/estuary, island",1,Vivekananda Chandrika Dheevara Sabha,0,1,1,0,0,1,1,1,0,1,0,,1,1,1,0,0,,0,0,0,,7,1980,,,21,21,,,,,0,0,3,0,0,0,,,,,0,1,1,0,0,0,,0,0,0,0,2.2,0.5,0.1,0.3,0.8,0.43
96,Karly,60,,20,Indian White Prawn,Paeneus  indicus,,,,,,,,,,Crustaceans,Demersal,,estuarine,Detritivore,,1--10,10,1,,1,0,0,0,0,,,,,India,1189172906,1.34,1.43E+12,3065580546,0.002143763,0,1.662514779,0.296,0.519,9,-1.187927632,0.049102192,182,3.4,1,,0,0,1,0,1,0,1,0,0,1,0,0,1,1,0,0,very high,fish base,high,Artisanal,Artisanal,,,1,Vallarpadam in central Kerala (south India),"lagoon/estuary, island",1,Vivekananda Chandrika Dheevara Sabha,0,1,1,0,0,1,1,1,0,1,0,,1,1,1,0,0,,0,0,0,,7,1980,,,21,21,,,,,0,0,3,0,0,0,,,,,0,1,1,0,0,0,,0,0,0,0,2.2,0.5,0.1,0.3,0.8,0.43
97,Karly,61,,1,white-spined sea urchin,Tripneustes  ventricosus,,,,,,,,,,Other Invertebrates,Demersal,,sea grass beds,Herbivore,,1--10,10,0,1,0,0,0,,1,"1987-1990, 1993, 1994,1996-200",1,medium,1,St. Lucia,173765,1.2,1000000000,3528000,0.003528,0,0.305839002,,,,0.749771129,0.839379291,165,7,0,,0,0,0,0,0,0,0,1,0,,0,1,1,,1,0,3.79,US$ per urchin,medium,Dive,Dive,local market / export,Local market/Export,,Vieux-Fort,,0,Vieux-Fort,0,1,0,1,0,0,0,1,0,0,1,,0,0,0,0,0,0,0,0,1,1,7,1989,,,,,,,,,0,0,0,0,0,0,,,,,0,1,0,1,0,0,1,0,0,0,1,2.6,2.1,1.4,0.5,1,0.29
100,Karly,63,,1,,,,,,,,,,,,,,,,Carnivore,,10--100,100,1,1,,,0,1,0,,1,long distance,0,Russia,138739892,-0.47,1.48E+12,3498542671,0.002368682,0,0.224622426,0.005,0.719,4,-0.724890222,-0.772743883,18,2.2,1,,0,0,0,1,0,0,0,1,1,0,0,1,1,1,1,0,low,fish base,low,Trawl,Trawl,local market/export,Local market/Export,1,Sea of Okhotsk and West- Bering Sea,,0,Vladivostok,1,1,1,1,1,1,,0,1,0,0,,,,,,0,0,0,1,1,0,2,2006,,,35 companies,,,,,,0,1,0,1,0,0,,,,,0,1,,1,,0,1,0,0,0,1,NA,NA,NA,NA,NA,NA
101,Kent,64,0,999,Gamitana,Colossoma macropomum,,,,,,,,,,Freshwater & Diadromous,Freshwater,,Freshwater,Herbivore,,10--100,100,1,1,1,1,0,0,0,0,,,,Peru,29248943,1.03,1.54E+11,1782403595,0.01161175,0,0.068769667,0.085,0.723,9,-0.929119834,-0.655643681,108,3.7,1,"ITQ, TURF",1,0,0,0,1,1,0,1,1,1,1,1,1,1,1,1,0.74,USD/KG,low,Artisanal,Artisanal,Subsistence/local market,Local Market / Subsistence,High,The Tahuayo River and associated flood plain,1,0,,,1,0,1,,1,1,,1,1,0,,1,1,1,1,0,0,1,0,0,,4,1984,,,,,,,,1 to 12,,,1,0,0,0,0,0,1,,,1,1,,,,,,,0,1,NA,NA,NA,NA,NA,NA
102,Kent,64,0,999,Paiche,Arapaima gigas,,,,,,,,,,Freshwater & Diadromous,,,,Carnivore,,10--100,100,1,0,1,1,0,0,0,0,,,,Peru,29248943,1.03,1.54E+11,1782403595,0.01161175,0,0.068769667,0.085,0.723,9,-0.929119834,-0.655643681,108,3.7,1,"ITQ, TURF",1,0,0,0,1,1,0,1,1,1,1,1,1,1,1,1,,,,Artisanal,Artisanal,Subsistence/local market,Local Market / Subsistence,High,Reserva Communal Tamishiyacu-Tahuayo,1,0,,,1,0,1,,1,1,1,1,1,0,,1,1,1,1,0,0,1,0,0,,10,1984,,,,,,,,1 to 12,,,1,0,0,0,0,0,1,,,1,1,,,,,,,0,0,NA,NA,NA,NA,NA,NA
103,Kent,65,0,999,Pejerrey,Odontesthes bonaerensis,,,,,,,,,,Freshwater & Diadromous,Freshwater,,Freshwater,Omnivore,,100-1000,1000,1,,0,0,0,0,0,0,,,,Peru,29248943,1.03,1.54E+11,1782403595,0.01161175,0,0.068769667,0.085,0.723,9,-0.929119834,-0.655643681,108,3.7,1,"ITQ, TURF",1,0,0,0,1,1,0,1,1,1,1,1,1,1,1,1,,,,Gillnet/entangling net,Gillnet,Subsistence/local market,Local Market / Subsistence,,Lake Titicaca,1,1,,,1,1,0,0,1,1,1,0,1,0,,1,0,1,0,0,,0,0,0,,10,999,,,20,20,,,,1 to 12,,,3,0,0,0,0,1,0,,0,0,0,0,0,0,0,0,0,0,1,NA,NA,NA,NA,NA,NA
104,Kent,65,0,999,,Orestias agassii,,,,,,,,,,Freshwater & Diadromous,Freshwater,,Freshwater,Omnivore,,10--100,100,,,0,0,0,0,0,0,,,,Peru,29248943,1.03,1.54E+11,1782403595,0.01161175,0,0.068769667,0.085,0.723,9,-0.929119834,-0.655643681,108,3.7,1,"ITQ, TURF",1,0,0,0,1,1,0,1,1,1,1,1,1,1,1,1,,,,Gillnet/entangling net,Gillnet,Subsistence/local market,Local Market / Subsistence,,Lake Titicaca,1,1,,,1,1,0,0,1,1,0,0,1,0,,1,0,1,0,0,,0,0,0,,5,999,,,20,20,,,,1 to 12,,,3,0,0,0,0,1,0,,0,0,0,0,0,0,0,0,0,0,0,NA,NA,NA,NA,NA,NA
105,Kent,65,0,999,ipsi,Orestias ipsi,,,,,,,,,,Freshwater & Diadromous,Freshwater,,Freshwater,Omnivore,,100-1000,1000,,1,0,0,0,0,0,0,,,,Peru,29248943,1.03,1.54E+11,1782403595,0.01161175,0,0.068769667,0.085,0.723,9,-0.929119834,-0.655643681,108,3.7,1,"ITQ, TURF",1,0,0,0,1,1,0,1,1,1,1,1,1,1,1,1,,,,Gillnet/entangling net,Gillnet,Subsistence/local market,Local Market / Subsistence,,Lake Titicaca,1,1,,,1,1,0,0,1,1,0,0,1,0,,1,0,1,0,0,,0,0,0,,5,999,,,20,20,,,,1 to 12,,,3,0,0,0,0,1,0,,0,0,0,0,0,0,0,0,0,0,0,NA,NA,NA,NA,NA,NA
106,Micah,66,0,1,Black Clam,Villorita  cyprinoides,,,,,,,,,,Molluscs,benthic,,estruarine,Filter Feeder,High,1--10,10,0,1,0,0,0,0,0,0,1,,0,India,1189172906,1.34,1.43E+12,3065580546,0.002143763,0,1.662514779,0.296,0.519,9,-1.187927632,0.049102192,182,3.4,1,,0,0,0,0,1,0,0,1,0,1,0,1,1,0,0,0,"50-60 (meat), 1350-1500 (shells)",Rs/kg -meat; Rs/tonne-shell,low,Artisanal,Artisanal,meat-subsistence; shell-local,Subsistence,,24000  km^2,0,0,,,1,1,0,1,1,1,0,0,0,0,0,0,0,0,0,1,0,0,0,0,1,5,1949,1445,1445,4533,4533,43958,tonnes,43958,8--5,0,0,1,0,0,0,0,0,1,,0,1,1,0,0,1,0,0,0,0,1,3,2.4,1.2,0.2,1.1,0.21
107,Micah,67,1,2,Tilapia,Oreochromis shiranus,,,,,,,,,,Freshwater,Benthopelagic,,lake,Detritivore,Medium,10--100,100,0,0,1,1,0,0,0,0,1,,0,Malawi,15879252,2.76,5035000000,,,0,,0.384,0.385,6,-0.058973646,-0.191768917,142,3.3,0,,0,0,0,0,0,0,1,0,0,0,0,1,0,1,0,0,87,MK/kg,low,Artisanal,Artisanal,1.Local market (mostly wholesale) 2. subsistence (www.indiana.edu/~voconf/papers/thomson_voconf.pdf),Local market,,Aby Lagoon,1,1,,,1,1,1,0,0,1,1,0,1,1,0,1,1,0,0,0,0,1,0,0,0,4,1997,,,,,,,,1--12,0,0,2,0,0,0,0,0,1,,0,1,1,0,0,1,0,0,0,0,1,NA,NA,NA,NA,NA,NA
108,Micah,67,1,2,Straightfin Barb,,,,,,,,,,,Freshwater,Benthopelagic,,lake,Omnivore,High,10--100,100,0,0,0,0,0,0,0,0,1,,0,Malawi,15879252,2.76,5035000000,,,0,,0.384,0.385,6,-0.058973646,-0.191768917,142,3.3,0,,0,0,0,0,0,0,1,0,0,0,0,1,0,1,0,0,37,MK/kg,low,Artisanal,Artisanal,1.Local market (mostly wholesale) 2. subsistence (www.indiana.edu/~voconf/papers/thomson_voconf.pdf),Local market,,Aby Lagoon,1,1,,,1,1,1,0,0,1,0,0,1,0,0,1,1,0,0,0,0,1,0,0,0,6,1997,,,,,,,,1--12,0,0,2,0,0,0,0,0,1,,0,1,1,0,0,1,0,0,0,0,0,NA,NA,NA,NA,NA,NA
109,Micah,68,0,1,Bonga,Ethmalosa  fimbriata,,,,,,,,,,Molluscs,Pelagic-neritic,,lagoon,Planktivore,Medium,10--100,100,1,0,0,0,0,0,0,0,1,,0,Cote d'Ivoire,21504162,2.08,22380000000,65598403.26,0.002931117,0,1.782722008,0.32,0.397,0,-1.52873426,-1.332152418,127,2.1,0,,0,0,0,0,0,0,1,0,0,0,0,0,0,0,0,0,110,CFA Franc/kg,low,Artisanal,Artisanal,Local Market,Local market,,424 km ^2,0,0,,,1,0,1,0,0,0,0,0,1,0,0,1,0,1,1,0,0,1,0,0,0,5,1995,,,,,,,,1--12,0,0,0,0,0,0,,,,,0,0,0,0,0,0,0,0,0,0,1,NA,NA,NA,NA,1.2,0.14
110,Micah,69,1,2,Dover Sole,Solea solea,0.180000007,Medium,70,demersal,oceanodromous,very high,Reliable: based on ex-vessel price for this species,subtropical,3.13,Finfish-Benthic,subtidal soft bottom,,subtidal soft bottom,Invertivore,Medium,10--100,100,1,1,1,1,0,1,0,0,1,35,1,Netherlands,16847007,0.37,7.70E+11,469598453.6,0.000609631,0,0.080953023,,0.89,10,0.946777616,1.781047319,30,8.9,1,,1,1,1,0,0,1,0,1,1,1,0,1,0,1,0,0,17.07,Euros/kg,medium,Trawl,Trawl,Local Market/Export,Local market/Export,,"North Sea, south of 55 degreesN, outside of 12 mile zone closest to shore",1,1,,,1,1,0,1,0,1,0,0,0,0,0,0,1,0,0,0,0,0,0,0,0,5,1993,363,363,1694,1694,18430,tonnes biomass,18430,0,0,1,0,1,0,0,,,,,0,1,1,1,0,0,0,1,1,1,1,2.2,0.5,0.1,0.3,0.8,0.43
111,Micah,69,1,2,Plaice,Pleuronectes platessa,0.122000001,Low,100,demersal,oceanodromous,medium,Reliable: based on ex-vessel price for this species,temperate,3.26,Finfish-Benthic,subtidal soft bottom,,subtidal soft bottom,Invertivore,Medium,10--100,100,1,1,1,1,0,1,0,0,1,100,1,Netherlands,16847007,0.37,7.70E+11,469598453.6,0.000609631,0,0.080953023,,0.89,10,0.946777616,1.781047319,30,8.9,1,,1,1,1,0,0,1,0,1,1,1,0,1,0,1,1,0,1.59,Euros/kg,low,Trawl,Trawl,Local Market/Export,Local market/Export,,"North Sea, both North and South of 55 degrees N, outside of 12 miles closest to shore",1,1,,,1,1,0,1,0,1,1,0,0,0,0,0,1,0,0,0,0,0,0,0,0,3,1993,363,363,1694,1694,59170,tonnes biomass,59170,0,0,1,0,1,0,0,,,,,0,1,1,1,0,0,0,1,1,1,0,2.2,0.5,0.1,0.3,0.8,0.43
112,Micah,70,1,3,Nile Perch,Lates  niloticus,,,,,,,,,,Freshwater & Diadromous,lake,,lake,Carnivore,Medium,10--100,100,1,0,0,0,0,1,0,0,0,,0,Tanzania,42746620,2,22430000000,46463425.01,0.002071486,0,0.200163532,0.367,0.398,-1,0.082915831,-0.438751105,32,2.6,0,,0,0,0,0,0,0,1,0,0,0,0,0,0,1,0,0,1.99,dollars/kg,low,Gillnet,Gillnet,Export,Export,,"Lake Victoria, likely limited to Tanzania side",0,0,,,1,1,1,0,0,1,1,0,0,0,1,1,0,0,1,0,0,0,0,0,0,3,1998,54010,54010,159393,159393,~800000,tonnes biomass,800000,0,0,1,0,0,0,0,,,,,0,1,1,1,0,0,0,1,0,0,1,NA,NA,NA,NA,NA,NA
113,Micah,70,1,3,Dagaa,Rastrineobola argentea,,,,,,,,,,Freshwater & Diadromous,lake,,lake,Planktivore,High,10--100,100,1,1,0,0,0,1,0,0,1,,0,Tanzania,42746620,2,22430000000,46463425.01,0.002071486,0,0.200163532,0.367,0.398,-1,0.082915831,-0.438751105,32,2.6,0,,0,0,0,0,0,0,1,0,0,0,0,0,0,1,0,0,0.9,dollars/kg,low,Seine,Seine,Local Market/Export,Local market/Export,,"Lake Victoria, likely limited to Tanzania side",0,0,,,1,1,1,0,0,1,0,0,0,0,1,1,0,0,1,0,0,0,0,0,0,4,1998,54010,54010,159393,159393,~800000,tonnes biomass,800000,0,0,1,0,0,0,0,,,,,0,1,1,1,0,0,0,1,0,0,0,NA,NA,NA,NA,NA,NA
114,Micah,70,1,3,Nile Tilapia,Oreochromis niloticus,,,,,,,,,,Freshwater & Diadromous,lake,,lake,Omnivore,Medium,10--100,100,0,1,0,0,0,1,0,0,1,Medium,0,Tanzania,42746620,2,22430000000,46463425.01,0.002071486,0,0.200163532,0.367,0.398,-1,0.082915831,-0.438751105,32,2.6,0,,0,0,0,0,0,0,1,0,0,0,0,0,0,1,0,0,1.63,dollars/kg,low,Gillnet,Gillnet,Local Market,Local market,,"Lake Victoria, likely limited to Tanzania side",0,0,,,1,1,1,0,0,1,0,0,0,0,1,1,0,0,1,0,0,0,0,0,0,4,1998,54010,54010,159393,159393,~800000,tonnes biomass,800000,0,0,1,0,0,0,0,,,,,0,1,1,1,0,0,0,1,0,0,0,NA,NA,NA,NA,NA,NA
115,Micah,71,0,0,Snow Crab,Chionoecetes opilio,,,,,,,,,,Crustaceans,soft shelf,,soft shelf,Invertivore,Low,1--10,10,1,1,0,0,0,1,0,0,1,120,1,Canada,34030589,0.79,1.56E+12,3700604749,0.002366116,0,0.147166086,,0.888,10,1.015461068,1.779242578,58,8.7,1,,1,0,0,0,1,0,0,1,1,1,0,1,1,0,0,1,1.85,Canadian dollars/lb,low,Trap,Trap,Export,Export,,Large,0,0,,,1,1,1,1,0,1,0,0,0,0,0,0,0,0,0,0,0,0,0,0,1,4,2005,,,725,725,~5000,tonnes biomass,5000,4--6,0,1,0,1,0,0,,,,,1,1,1,1,0,0,0,1,0,1,1,2,2.5,1.7,1.9,1.2,0.14
